{
    "title": "Franklin",
	"$schema": "https://schemas.wp.org/trunk/theme.json",
    "version": 2,
    "settings": {
        "color": {
			"palette": [
				{
					"color": "#000000",
					"name": "Contrast",
					"slug": "contrast"
				},
				{
					"color": "#00000099",
					"name": "Contrast #2",
					"slug": "contrast-2"
				},
				{
					"color": "#00000020",
					"name": "Contrast #3",
					"slug": "contrast-3"
				},
				{
					"color": "#FFD600",
					"name": "Base",
					"slug": "base"
				}
			]
		}
    }
}