{
    "title": "Kennedy",
	"$schema": "https://schemas.wp.org/trunk/theme.json",
    "version": 2,
    "settings": {
        "color": {
			"palette": [
				{
					"color": "#FFFCDF",
					"name": "Contrast",
					"slug": "contrast"
				},
				{
					"color": "#FFFCDF99",
					"name": "Contrast #2",
					"slug": "contrast-2"
				},
				{
					"color": "#FFFCDF20",
					"name": "Contrast #3",
					"slug": "contrast-3"
				},	
				{
					"color": "#000320",
					"name": "Base",
					"slug": "base"
				}
			]
		}
    }
}