{
    "title": "Paisley",
	"$schema": "https://schemas.wp.org/trunk/theme.json",
    "version": 2,
    "settings": {
        "color": {
			"palette": [
				{
					"color": "#FFFFFF",
					"name": "Contrast",
					"slug": "contrast"
				},
				{
					"color": "#FFFFFFBB",
					"name": "Contrast #2",
					"slug": "contrast-2"
				},
				{
					"color": "#FFFFFF20",
					"name": "Contrast #3",
					"slug": "contrast-3"
				},
				{
					"color": "#2B334B",
					"name": "Base",
					"slug": "base"
				}
			]
		}
    },
	"styles": {
		"color": {
			"gradient": "linear-gradient(126.74deg, #283048 27.3%, #859398 100%)"
		}
	}
}