{
    "title": "Seraphina",
	"$schema": "https://schemas.wp.org/trunk/theme.json",
    "version": 2,
    "settings": {
        "color": {
			"palette": [
				{
					"color": "#08394E",
					"name": "Contrast",
					"slug": "contrast"
				},
				{
					"color": "#08394E99",
					"name": "Contrast #2",
					"slug": "contrast-2"
				},
				{
					"color": "#08394E20",
					"name": "Contrast #3",
					"slug": "contrast-3"
				},
				{
					"color": "#F7C6B1",
					"name": "Base",
					"slug": "base"
				}
			]
		}
    }
}