{
    "title": "Skylar",
	"$schema": "https://schemas.wp.org/trunk/theme.json",
    "version": 2,
    "settings": {
        "color": {
			"palette": [
				{
					"color": "#200D67",
					"name": "Contrast",
					"slug": "contrast"
				},
				{
					"color": "#200D6799",
					"name": "Contrast #2",
					"slug": "contrast-2"
				},
				{
					"color": "#200D6720",
					"name": "Contrast #3",
					"slug": "contrast-3"
				},
				{
					"color": "#DFF298",
					"name": "Base",
					"slug": "base"
				}
			]
		}
    }
}