{
    "title": "Wilde",
	"$schema": "https://schemas.wp.org/trunk/theme.json",
    "version": 2,
    "settings": {
        "color": {
			"palette": [
				{
					"color": "#0B226D",
					"name": "Contrast",
					"slug": "contrast"
				},
				{
					"color": "#0B226D99",
					"name": "Contrast #2",
					"slug": "contrast-2"
				},
				{
					"color": "#0B226D20",
					"name": "Contrast #3",
					"slug": "contrast-3"
				},
				{
					"color": "#FFFFFF",
					"name": "Base",
					"slug": "base"
				}
			]
		}
    },
	"styles": {
		"color": {
			"gradient": "linear-gradient(126.85deg, #C6FFDD 27.37%, #FBD786 62.94%, #F7797D 100%)"
		}
	}
}